<?xml version="1.0" encoding="utf-8"?>
<ModMetaData>
  <name>This Is Mine</name>
  <author>El Luchador</author>
  <supportedVersions>
    <li>1.2</li>
  </supportedVersions>
  <packageId>Elseud.ThisIsMine</packageId>
  <description>A simple tool for assigning furniture such as tables, chairs, shelves and joy objects to beds, for bedowner's use only.</description>
  <modDependencies>
    <li>
      <packageId>brrainz.harmony</packageId>
      <displayName>Harmony</displayName>
      <downloadUrl>https://github.com/pardeike/HarmonyRimWorld/releases/latest</downloadUrl>
      <steamWorkshopUrl>https://steamcommunity.com/workshop/filedetails/?id=2009463077</steamWorkshopUrl>
    </li>
  </modDependencies>
  <loadAfter>
    <li>Ludeon.RimWorld</li>
    <li>Ludeon.RimWorld.Royalty</li>
    <li>brrainz.harmony</li>
  </loadAfter>
</ModMetaData>